"Date";"New Positive Cases";"New Probable Cases";"New Total Cases";"Cumulative Confirmed Cases";"Cumulative Total Cases"
"03/01/2020";"0";"0";"0";"0";"0"
"03/02/2020";"1";"0";"1";"1";"1"
"03/03/2020";"0";"0";"0";"1";"1"
"03/04/2020";"0";"0";"0";"1";"1"
"03/05/2020";"4";"0";"4";"5";"5"
"03/06/2020";"1";"0";"1";"6";"6"
"03/07/2020";"0";"0";"0";"6";"6"
"03/08/2020";"2";"0";"2";"8";"8"
"03/09/2020";"1";"0";"1";"9";"9"
"03/10/2020";"3";"0";"3";"12";"12"
"03/11/2020";"4";"0";"4";"16";"16"
"03/12/2020";"3";"0";"3";"19";"19"
"03/13/2020";"0";"0";"0";"19";"19"
"03/14/2020";"4";"1";"5";"23";"24"
"03/15/2020";"1";"0";"1";"24";"25"
"03/16/2020";"4";"0";"4";"28";"29"
"03/17/2020";"4";"2";"6";"32";"35"
"03/18/2020";"5";"0";"5";"37";"40"
"03/19/2020";"7";"0";"7";"44";"47"
"03/20/2020";"4";"0";"4";"48";"51"
"03/21/2020";"6";"2";"8";"54";"59"
"03/22/2020";"10";"0";"10";"64";"69"
"03/23/2020";"6";"2";"8";"70";"77"
"03/24/2020";"1";"0";"1";"71";"78"
"03/25/2020";"11";"0";"11";"82";"89"
"03/26/2020";"12";"0";"12";"94";"101"
"03/27/2020";"3";"0";"3";"97";"104"
"03/28/2020";"7";"0";"7";"104";"111"
"03/29/2020";"9";"0";"9";"113";"120"
"03/30/2020";"10";"0";"10";"123";"130"
"03/31/2020";"17";"0";"17";"140";"147"
"04/01/2020";"11";"0";"11";"151";"158"
"04/02/2020";"10";"0";"10";"161";"168"
"04/03/2020";"13";"0";"13";"174";"181"
"04/04/2020";"18";"0";"18";"192";"199"
"04/05/2020";"11";"0";"11";"203";"210"
"04/06/2020";"22";"0";"22";"225";"232"
"04/07/2020";"22";"0";"22";"247";"254"
"04/08/2020";"18";"0";"18";"265";"272"
"04/09/2020";"79";"0";"79";"344";"351"
"04/10/2020";"90";"0";"90";"434";"441"
"04/11/2020";"12";"0";"12";"446";"453"
"04/12/2020";"10";"0";"10";"456";"463"
"04/13/2020";"15";"0";"15";"471";"478"
"04/14/2020";"6";"0";"6";"477";"484"
"04/15/2020";"14";"0";"14";"491";"498"
"04/16/2020";"53";"0";"53";"544";"551"
"04/17/2020";"31";"1";"32";"575";"583"
"04/18/2020";"32";"0";"32";"607";"615"
"04/19/2020";"12";"0";"12";"619";"627"
"04/20/2020";"7";"0";"7";"626";"634"
"04/21/2020";"18";"0";"18";"644";"652"
"04/22/2020";"23";"0";"23";"667";"675"
"04/23/2020";"19";"1";"20";"686";"695"
"04/24/2020";"20";"0";"20";"706";"715"
"04/25/2020";"6";"0";"6";"712";"721"
"04/26/2020";"4";"0";"4";"716";"725"
"04/27/2020";"11";"0";"11";"727";"736"
"04/28/2020";"11";"1";"12";"738";"748"
"04/29/2020";"14";"0";"14";"752";"762"
"04/30/2020";"3";"1";"4";"755";"766"
"05/01/2020";"12";"1";"13";"767";"779"
"05/02/2020";"0";"0";"0";"767";"779"
"05/03/2020";"4";"2";"6";"771";"785"
"05/04/2020";"12";"1";"13";"783";"798"
"05/05/2020";"9";"0";"9";"792";"807"
"05/06/2020";"9";"1";"10";"801";"817"
"05/07/2020";"9";"0";"9";"810";"826"
"05/08/2020";"11";"0";"11";"821";"837"
"05/09/2020";"1";"0";"1";"822";"838"
"05/10/2020";"3";"0";"3";"825";"841"
"05/11/2020";"6";"0";"6";"831";"847"
"05/12/2020";"5";"0";"5";"836";"852"
"05/13/2020";"7";"0";"7";"843";"859"
"05/14/2020";"6";"0";"6";"849";"865"
"05/15/2020";"5";"0";"5";"854";"870"
"05/16/2020";"0";"0";"0";"854";"870"
"05/17/2020";"4";"0";"4";"858";"874"
"05/18/2020";"8";"0";"8";"866";"882"
"05/19/2020";"6";"0";"6";"872";"888"
"05/20/2020";"14";"1";"15";"886";"903"
"05/21/2020";"2";"0";"2";"888";"905"
"05/22/2020";"4";"1";"5";"892";"910"
"05/23/2020";"2";"0";"2";"894";"912"
"05/24/2020";"2";"0";"2";"896";"914"
"05/25/2020";"5";"0";"5";"901";"919"
"05/26/2020";"4";"0";"4";"905";"923"
"05/27/2020";"4";"0";"4";"909";"927"
"05/28/2020";"5";"0";"5";"914";"932"
"05/29/2020";"1";"0";"1";"915";"933"
"05/30/2020";"1";"0";"1";"916";"934"
"05/31/2020";"0";"0";"0";"916";"934"
"06/01/2020";"5";"0";"5";"921";"939"
"06/02/2020";"1";"0";"1";"922";"940"
"06/03/2020";"5";"0";"5";"927";"945"
"06/04/2020";"3";"0";"3";"930";"948"
"06/05/2020";"2";"0";"2";"932";"950"
"06/06/2020";"2";"0";"2";"934";"952"
"06/07/2020";"0";"0";"0";"934";"952"
"06/08/2020";"0";"0";"0";"934";"952"
"06/09/2020";"0";"1";"1";"934";"953"
"06/10/2020";"0";"1";"1";"934";"954"
"06/11/2020";"0";"1";"1";"934";"955"
"06/12/2020";"3";"1";"4";"937";"959"
"06/13/2020";"3";"0";"3";"940";"962"
"06/14/2020";"0";"0";"0";"940";"962"
"06/15/2020";"1";"0";"1";"941";"963"
"06/16/2020";"1";"0";"1";"942";"964"
"06/17/2020";"6";"0";"6";"948";"970"
"06/18/2020";"2";"0";"2";"950";"972"
"06/19/2020";"0";"0";"0";"950";"972"
"06/20/2020";"0";"0";"0";"950";"972"
"06/21/2020";"0";"0";"0";"950";"972"
"06/22/2020";"4";"0";"4";"954";"976"
"06/23/2020";"1";"0";"1";"955";"977"
"06/24/2020";"4";"2";"6";"959";"983"
"06/25/2020";"0";"0";"0";"959";"983"
"06/26/2020";"1";"1";"2";"960";"985"
"06/27/2020";"0";"0";"0";"960";"985"
"06/28/2020";"1";"1";"2";"961";"987"
"06/29/2020";"1";"0";"1";"962";"988"
"06/30/2020";"4";"1";"5";"966";"993"
"07/01/2020";"2";"2";"4";"968";"997"
"07/02/2020";"0";"0";"0";"968";"997"
"07/03/2020";"1";"0";"1";"969";"998"
"07/04/2020";"0";"0";"0";"969";"998"
"07/05/2020";"1";"0";"1";"970";"999"
"07/06/2020";"2";"0";"2";"972";"1,001"
"07/07/2020";"1";"1";"2";"973";"1,003"
"07/08/2020";"1";"0";"1";"974";"1,004"
"07/09/2020";"1";"0";"1";"975";"1,005"
"07/10/2020";"3";"0";"3";"978";"1,008"
"07/11/2020";"2";"1";"3";"980";"1,011"
"07/12/2020";"1";"1";"2";"981";"1,013"
"07/13/2020";"3";"1";"4";"984";"1,017"
"07/14/2020";"3";"1";"4";"987";"1,021"
"07/15/2020";"6";"0";"6";"993";"1,027"
"07/16/2020";"0";"0";"0";"993";"1,027"
"07/17/2020";"3";"0";"3";"996";"1,030"
"07/18/2020";"0";"0";"0";"996";"1,030"
"07/19/2020";"2";"3";"5";"998";"1,035"
"07/20/2020";"1";"1";"2";"999";"1,037"
"07/21/2020";"2";"3";"5";"1,001";"1,042"
"07/22/2020";"4";"0";"4";"1,005";"1,046"
"07/23/2020";"3";"1";"4";"1,008";"1,050"
"07/24/2020";"1";"0";"1";"1,009";"1,051"
"07/25/2020";"0";"1";"1";"1,009";"1,052"
"07/26/2020";"3";"1";"4";"1,012";"1,056"
"07/27/2020";"2";"0";"2";"1,014";"1,058"
"07/28/2020";"2";"1";"3";"1,016";"1,061"
"07/29/2020";"3";"0";"3";"1,019";"1,064"
"07/30/2020";"2";"0";"2";"1,021";"1,066"
"07/31/2020";"4";"0";"4";"1,025";"1,070"
"08/01/2020";"1";"1";"2";"1,026";"1,072"
"08/02/2020";"1";"0";"1";"1,027";"1,073"
"08/03/2020";"5";"2";"7";"1,032";"1,080"
"08/04/2020";"3";"1";"4";"1,035";"1,084"
"08/05/2020";"2";"1";"3";"1,037";"1,087"
"08/06/2020";"6";"0";"6";"1,043";"1,093"
"08/07/2020";"3";"0";"3";"1,046";"1,096"
"08/08/2020";"0";"0";"0";"1,046";"1,096"
"08/09/2020";"1";"1";"2";"1,047";"1,098"
"08/10/2020";"0";"0";"0";"1,047";"1,098"
"08/11/2020";"1";"0";"1";"1,048";"1,099"
"08/12/2020";"4";"1";"5";"1,052";"1,104"
"08/13/2020";"4";"0";"4";"1,056";"1,108"
"08/14/2020";"4";"0";"4";"1,060";"1,112"
"08/15/2020";"3";"0";"3";"1,063";"1,115"
"08/16/2020";"1";"0";"1";"1,064";"1,116"
"08/17/2020";"1";"0";"1";"1,065";"1,117"
"08/18/2020";"4";"1";"5";"1,069";"1,122"
"08/19/2020";"4";"1";"5";"1,073";"1,127"
"08/20/2020";"0";"0";"0";"1,073";"1,127"
"08/21/2020";"3";"0";"3";"1,076";"1,130"
"08/22/2020";"1";"0";"1";"1,077";"1,131"
"08/23/2020";"1";"0";"1";"1,078";"1,132"
"08/24/2020";"2";"0";"2";"1,080";"1,134"
"08/25/2020";"4";"1";"5";"1,084";"1,139"
"08/26/2020";"2";"0";"2";"1,086";"1,141"
"08/27/2020";"3";"0";"3";"1,089";"1,144"
"08/28/2020";"6";"0";"6";"1,095";"1,150"
"08/29/2020";"4";"0";"4";"1,099";"1,154"
"08/30/2020";"2";"0";"2";"1,101";"1,156"
"08/31/2020";"3";"0";"3";"1,104";"1,159"
"09/01/2020";"2";"0";"2";"1,106";"1,161"
"09/02/2020";"2";"0";"2";"1,108";"1,163"
"09/03/2020";"4";"0";"4";"1,112";"1,167"
"09/04/2020";"2";"1";"3";"1,114";"1,170"
"09/05/2020";"2";"0";"2";"1,116";"1,172"
"09/06/2020";"0";"0";"0";"1,116";"1,172"
"09/07/2020";"0";"0";"0";"1,116";"1,172"
"09/08/2020";"4";"0";"4";"1,120";"1,176"
"09/09/2020";"6";"2";"8";"1,126";"1,184"
"09/10/2020";"6";"0";"6";"1,132";"1,190"
"09/11/2020";"5";"2";"7";"1,137";"1,197"
"09/12/2020";"3";"0";"3";"1,140";"1,200"
"09/13/2020";"2";"2";"4";"1,142";"1,204"
"09/14/2020";"4";"0";"4";"1,146";"1,208"
"09/15/2020";"1";"0";"1";"1,147";"1,209"
"09/16/2020";"3";"0";"3";"1,150";"1,212"
"09/17/2020";"3";"1";"4";"1,153";"1,216"
"09/18/2020";"7";"0";"7";"1,160";"1,223"
"09/19/2020";"1";"0";"1";"1,161";"1,224"
"09/20/2020";"0";"0";"0";"1,161";"1,224"
"09/21/2020";"4";"0";"4";"1,165";"1,228"
"09/22/2020";"3";"0";"3";"1,168";"1,231"
"09/23/2020";"5";"0";"5";"1,173";"1,236"
"09/24/2020";"5";"1";"6";"1,178";"1,242"
"09/25/2020";"2";"0";"2";"1,180";"1,244"
"09/26/2020";"0";"1";"1";"1,180";"1,245"
"09/27/2020";"0";"0";"0";"1,180";"1,245"
"09/28/2020";"3";"0";"3";"1,183";"1,248"
"09/29/2020";"4";"0";"4";"1,187";"1,252"
"09/30/2020";"7";"1";"8";"1,194";"1,260"
"10/01/2020";"4";"0";"4";"1,198";"1,264"
"10/02/2020";"2";"1";"3";"1,200";"1,267"
"10/03/2020";"1";"0";"1";"1,201";"1,268"
"10/04/2020";"2";"0";"2";"1,203";"1,270"
"10/05/2020";"6";"0";"6";"1,209";"1,276"
"10/06/2020";"5";"0";"5";"1,214";"1,281"
"10/07/2020";"7";"0";"7";"1,221";"1,288"
"10/08/2020";"5";"0";"5";"1,226";"1,293"
"10/09/2020";"3";"0";"3";"1,229";"1,296"
"10/10/2020";"3";"1";"4";"1,232";"1,300"
"10/11/2020";"2";"0";"2";"1,234";"1,302"
"10/12/2020";"6";"0";"6";"1,240";"1,308"
"10/13/2020";"4";"1";"5";"1,244";"1,313"
"10/14/2020";"3";"0";"3";"1,247";"1,316"
"10/15/2020";"3";"0";"3";"1,250";"1,319"
"10/16/2020";"7";"0";"7";"1,257";"1,326"
"10/17/2020";"6";"0";"6";"1,263";"1,332"
"10/18/2020";"0";"0";"0";"1,263";"1,332"
"10/19/2020";"4";"0";"4";"1,267";"1,336"
"10/20/2020";"8";"0";"8";"1,275";"1,344"
"10/21/2020";"8";"1";"9";"1,283";"1,353"
"10/22/2020";"6";"0";"6";"1,289";"1,359"
"10/23/2020";"6";"0";"6";"1,295";"1,365"
"10/24/2020";"1";"2";"3";"1,296";"1,368"
"10/25/2020";"0";"0";"0";"1,296";"1,368"
"10/26/2020";"9";"0";"9";"1,305";"1,377"
"10/27/2020";"10";"1";"11";"1,315";"1,388"
"10/28/2020";"8";"0";"8";"1,323";"1,396"
"10/29/2020";"11";"0";"11";"1,334";"1,407"
"10/30/2020";"7";"1";"8";"1,341";"1,415"
"10/31/2020";"2";"0";"2";"1,343";"1,417"
"11/01/2020";"3";"0";"3";"1,346";"1,420"
"11/02/2020";"15";"1";"16";"1,361";"1,436"
"11/03/2020";"21";"0";"21";"1,382";"1,457"
"11/04/2020";"13";"2";"15";"1,395";"1,472"
"11/05/2020";"19";"0";"19";"1,414";"1,491"
"11/06/2020";"19";"2";"21";"1,433";"1,512"
"11/07/2020";"13";"1";"14";"1,446";"1,526"
"11/08/2020";"8";"0";"8";"1,454";"1,534"
"11/09/2020";"32";"0";"32";"1,486";"1,566"
"11/10/2020";"23";"1";"24";"1,509";"1,590"
"11/11/2020";"33";"1";"34";"1,542";"1,624"
"11/12/2020";"22";"2";"24";"1,564";"1,648"
"11/13/2020";"28";"0";"28";"1,592";"1,676"
"11/14/2020";"27";"1";"28";"1,619";"1,704"
"11/15/2020";"21";"0";"21";"1,640";"1,725"
"11/16/2020";"43";"0";"43";"1,683";"1,768"
"11/17/2020";"30";"3";"33";"1,713";"1,801"
"11/18/2020";"30";"0";"30";"1,743";"1,831"
"11/19/2020";"15";"0";"15";"1,758";"1,846"
"11/20/2020";"30";"0";"30";"1,788";"1,876"
"11/21/2020";"17";"0";"17";"1,805";"1,893"
"11/22/2020";"8";"0";"8";"1,813";"1,901"
"11/23/2020";"22";"0";"22";"1,835";"1,923"
"11/24/2020";"25";"0";"25";"1,860";"1,948"
"11/25/2020";"23";"0";"23";"1,883";"1,971"
"11/26/2020";"4";"0";"4";"1,887";"1,975"
"11/27/2020";"22";"0";"22";"1,909";"1,997"
"11/28/2020";"13";"0";"13";"1,922";"2,010"
"11/29/2020";"18";"1";"19";"1,940";"2,029"
"11/30/2020";"52";"1";"53";"1,992";"2,082"
"12/01/2020";"40";"0";"40";"2,032";"2,122"
"12/02/2020";"46";"0";"46";"2,078";"2,168"
"12/03/2020";"32";"1";"33";"2,110";"2,201"
"12/04/2020";"39";"0";"39";"2,149";"2,240"
"12/05/2020";"21";"0";"21";"2,170";"2,261"
"12/06/2020";"17";"0";"17";"2,187";"2,278"
"12/07/2020";"24";"2";"26";"2,211";"2,304"
"12/08/2020";"29";"2";"31";"2,240";"2,335"
"12/09/2020";"39";"1";"40";"2,279";"2,375"
"12/10/2020";"43";"1";"44";"2,322";"2,419"
"12/11/2020";"23";"0";"23";"2,345";"2,442"
"12/12/2020";"24";"0";"24";"2,369";"2,466"
"12/13/2020";"25";"2";"27";"2,394";"2,493"
"12/14/2020";"45";"0";"45";"2,439";"2,538"
"12/15/2020";"42";"2";"44";"2,481";"2,582"
"12/16/2020";"41";"0";"41";"2,522";"2,623"
"12/17/2020";"17";"1";"18";"2,539";"2,641"
"12/18/2020";"35";"1";"36";"2,574";"2,677"
"12/19/2020";"27";"0";"27";"2,601";"2,704"
"12/20/2020";"28";"0";"28";"2,629";"2,732"
"12/21/2020";"43";"0";"43";"2,672";"2,775"
"12/22/2020";"31";"0";"31";"2,703";"2,806"
"12/23/2020";"20";"0";"20";"2,723";"2,826"
"12/24/2020";"19";"1";"20";"2,742";"2,846"
"12/25/2020";"3";"0";"3";"2,745";"2,849"
"12/26/2020";"43";"0";"43";"2,788";"2,892"
"12/27/2020";"30";"1";"31";"2,818";"2,923"
"12/28/2020";"51";"3";"54";"2,869";"2,977"
"12/29/2020";"42";"0";"42";"2,911";"3,019"
"12/30/2020";"32";"4";"36";"2,943";"3,055"
"12/31/2020";"32";"1";"33";"2,975";"3,088"
"01/01/2021";"15";"2";"17";"2,990";"3,105"
"01/02/2021";"52";"1";"53";"3,042";"3,158"
"01/03/2021";"25";"0";"25";"3,067";"3,183"
"01/04/2021";"62";"2";"64";"3,129";"3,247"
"01/05/2021";"48";"1";"49";"3,177";"3,296"
"01/06/2021";"40";"0";"40";"3,217";"3,336"
"01/07/2021";"35";"0";"35";"3,252";"3,371"
"01/08/2021";"42";"1";"43";"3,294";"3,414"
"01/09/2021";"23";"2";"25";"3,317";"3,439"
"01/10/2021";"28";"0";"28";"3,345";"3,467"
"01/11/2021";"34";"0";"34";"3,379";"3,501"
"01/12/2021";"44";"0";"44";"3,423";"3,545"
"01/13/2021";"51";"0";"51";"3,474";"3,596"
"01/14/2021";"57";"0";"57";"3,531";"3,653"
"01/15/2021";"33";"3";"36";"3,564";"3,689"
"01/16/2021";"32";"0";"32";"3,596";"3,721"
"01/17/2021";"15";"0";"15";"3,611";"3,736"
"01/18/2021";"24";"1";"25";"3,635";"3,761"
"01/19/2021";"52";"0";"52";"3,687";"3,813"
"01/20/2021";"49";"1";"50";"3,736";"3,863"
"01/21/2021";"36";"3";"39";"3,772";"3,902"
"01/22/2021";"29";"0";"29";"3,801";"3,931"
"01/23/2021";"19";"1";"20";"3,820";"3,951"
"01/24/2021";"19";"3";"22";"3,839";"3,973"
"01/25/2021";"41";"0";"41";"3,880";"4,014"
"01/26/2021";"34";"2";"36";"3,914";"4,050"
"01/27/2021";"33";"0";"33";"3,947";"4,083"
"01/28/2021";"31";"0";"31";"3,978";"4,114"
"01/29/2021";"15";"0";"15";"3,993";"4,129"
"01/30/2021";"20";"0";"20";"4,013";"4,149"
"01/31/2021";"21";"2";"23";"4,034";"4,172"
"02/01/2021";"22";"1";"23";"4,056";"4,195"
"02/02/2021";"16";"1";"17";"4,072";"4,212"
"02/03/2021";"21";"0";"21";"4,093";"4,233"
"02/04/2021";"20";"1";"21";"4,113";"4,254"
"02/05/2021";"14";"2";"16";"4,127";"4,270"
"02/06/2021";"8";"1";"9";"4,135";"4,279"
"02/07/2021";"7";"0";"7";"4,142";"4,286"
"02/08/2021";"23";"0";"23";"4,165";"4,309"
"02/09/2021";"13";"2";"15";"4,178";"4,324"
"02/10/2021";"12";"1";"13";"4,190";"4,337"
"02/11/2021";"18";"2";"20";"4,208";"4,357"
"02/12/2021";"15";"1";"16";"4,223";"4,373"
"02/13/2021";"16";"1";"17";"4,239";"4,390"
"02/14/2021";"9";"0";"9";"4,248";"4,399"
"02/15/2021";"14";"3";"17";"4,262";"4,416"
"02/16/2021";"23";"0";"23";"4,285";"4,439"
"02/17/2021";"15";"1";"16";"4,300";"4,455"
"02/18/2021";"15";"4";"19";"4,315";"4,474"
"02/19/2021";"9";"1";"10";"4,324";"4,484"
"02/20/2021";"17";"3";"20";"4,341";"4,504"
"02/21/2021";"8";"2";"10";"4,349";"4,514"
"02/22/2021";"24";"2";"26";"4,373";"4,540"
"02/23/2021";"17";"0";"17";"4,390";"4,557"
"02/24/2021";"11";"2";"13";"4,401";"4,570"
"02/25/2021";"22";"2";"24";"4,423";"4,594"
"02/26/2021";"16";"1";"17";"4,439";"4,611"
"02/27/2021";"20";"0";"20";"4,459";"4,631"
"02/28/2021";"13";"1";"14";"4,472";"4,645"
"03/01/2021";"22";"1";"23";"4,494";"4,668"
"03/02/2021";"18";"0";"18";"4,512";"4,686"
"03/03/2021";"34";"1";"35";"4,546";"4,721"
"03/04/2021";"23";"1";"24";"4,569";"4,745"
"03/05/2021";"19";"2";"21";"4,588";"4,766"
"03/06/2021";"18";"2";"20";"4,606";"4,786"
"03/07/2021";"12";"5";"17";"4,618";"4,803"
"03/08/2021";"15";"2";"17";"4,633";"4,820"
"03/09/2021";"19";"0";"19";"4,652";"4,839"
"03/10/2021";"18";"3";"21";"4,670";"4,860"
"03/11/2021";"20";"1";"21";"4,690";"4,881"
"03/12/2021";"20";"0";"20";"4,710";"4,901"
"03/13/2021";"12";"0";"12";"4,722";"4,913"
"03/14/2021";"8";"0";"8";"4,730";"4,921"
"03/15/2021";"22";"1";"23";"4,752";"4,944"
"03/16/2021";"23";"2";"25";"4,775";"4,969"
"03/17/2021";"14";"1";"15";"4,789";"4,984"
"03/18/2021";"32";"3";"35";"4,821";"5,019"
"03/19/2021";"17";"1";"18";"4,838";"5,037"
"03/20/2021";"7";"2";"9";"4,845";"5,046"
"03/21/2021";"19";"2";"21";"4,864";"5,067"
"03/22/2021";"28";"0";"28";"4,892";"5,095"
"03/23/2021";"33";"1";"34";"4,925";"5,129"
"03/24/2021";"41";"2";"43";"4,966";"5,172"
"03/25/2021";"33";"0";"33";"4,999";"5,205"
"03/26/2021";"33";"1";"34";"5,032";"5,239"
"03/27/2021";"17";"0";"17";"5,049";"5,256"
"03/28/2021";"16";"0";"16";"5,065";"5,272"
"03/29/2021";"30";"1";"31";"5,095";"5,303"
"03/30/2021";"20";"0";"20";"5,115";"5,323"
"03/31/2021";"36";"4";"40";"5,151";"5,363"
"04/01/2021";"25";"1";"26";"5,176";"5,389"
"04/02/2021";"9";"3";"12";"5,185";"5,401"
"04/03/2021";"17";"0";"17";"5,202";"5,418"
"04/04/2021";"12";"1";"13";"5,214";"5,431"
"04/05/2021";"22";"1";"23";"5,236";"5,454"
"04/06/2021";"31";"1";"32";"5,267";"5,486"
"04/07/2021";"39";"2";"41";"5,306";"5,527"
"04/08/2021";"33";"1";"34";"5,339";"5,561"
"04/09/2021";"26";"4";"30";"5,365";"5,591"
"04/10/2021";"21";"2";"23";"5,386";"5,614"
"04/11/2021";"10";"3";"13";"5,396";"5,627"
"04/12/2021";"20";"1";"21";"5,416";"5,648"
"04/13/2021";"33";"2";"35";"5,449";"5,683"
"04/14/2021";"14";"3";"17";"5,463";"5,700"
"04/15/2021";"24";"1";"25";"5,487";"5,725"
"04/16/2021";"13";"2";"15";"5,500";"5,740"
"04/17/2021";"17";"1";"18";"5,517";"5,758"
"04/18/2021";"7";"0";"7";"5,524";"5,765"
"04/19/2021";"10";"1";"11";"5,534";"5,776"
"04/20/2021";"15";"1";"16";"5,549";"5,792"
"04/21/2021";"10";"3";"13";"5,559";"5,805"
"04/22/2021";"13";"0";"13";"5,572";"5,818"
"04/23/2021";"11";"1";"12";"5,583";"5,830"
"04/24/2021";"7";"1";"8";"5,590";"5,838"
"04/25/2021";"9";"1";"10";"5,599";"5,848"
"04/26/2021";"15";"0";"15";"5,614";"5,863"
"04/27/2021";"13";"1";"14";"5,627";"5,877"
"04/28/2021";"6";"0";"6";"5,633";"5,883"
"04/29/2021";"6";"0";"6";"5,639";"5,889"
"04/30/2021";"12";"1";"13";"5,651";"5,902"
"05/01/2021";"8";"0";"8";"5,659";"5,910"
"05/02/2021";"3";"0";"3";"5,662";"5,913"
"05/03/2021";"9";"0";"9";"5,671";"5,922"
"05/04/2021";"2";"1";"3";"5,673";"5,925"
"05/05/2021";"7";"1";"8";"5,680";"5,933"
"05/06/2021";"2";"0";"2";"5,682";"5,935"
"05/07/2021";"3";"0";"3";"5,685";"5,938"
"05/08/2021";"5";"0";"5";"5,690";"5,943"
"05/09/2021";"2";"0";"2";"5,692";"5,945"
"05/10/2021";"4";"0";"4";"5,696";"5,949"
"05/11/2021";"7";"0";"7";"5,703";"5,956"
"05/12/2021";"0";"0";"0";"5,703";"5,956"
"05/13/2021";"1";"0";"1";"5,704";"5,957"
"05/14/2021";"3";"0";"3";"5,707";"5,960"
"05/15/2021";"2";"0";"2";"5,709";"5,962"
"05/16/2021";"2";"0";"2";"5,711";"5,964"
"05/17/2021";"7";"0";"7";"5,718";"5,971"
"05/18/2021";"4";"3";"7";"5,722";"5,978"
"05/19/2021";"3";"0";"3";"5,725";"5,981"
"05/20/2021";"2";"0";"2";"5,727";"5,983"
"05/21/2021";"2";"0";"2";"5,729";"5,985"
"05/22/2021";"1";"0";"1";"5,730";"5,986"
"05/23/2021";"1";"0";"1";"5,731";"5,987"
"05/24/2021";"1";"1";"2";"5,732";"5,989"
"05/25/2021";"0";"0";"0";"5,732";"5,989"
"05/26/2021";"1";"0";"1";"5,733";"5,990"
"05/27/2021";"1";"0";"1";"5,734";"5,991"
"05/28/2021";"2";"0";"2";"5,736";"5,993"
"05/29/2021";"1";"0";"1";"5,737";"5,994"
"05/30/2021";"0";"0";"0";"5,737";"5,994"
"05/31/2021";"0";"0";"0";"5,737";"5,994"
"06/01/2021";"4";"0";"4";"5,741";"5,998"
"06/02/2021";"2";"0";"2";"5,743";"6,000"
"06/03/2021";"11";"0";"11";"5,754";"6,011"
"06/04/2021";"2";"0";"2";"5,756";"6,013"
"06/05/2021";"1";"0";"1";"5,757";"6,014"
"06/06/2021";"2";"0";"2";"5,759";"6,016"
"06/07/2021";"1";"0";"1";"5,760";"6,017"
"06/08/2021";"2";"0";"2";"5,762";"6,019"
"06/09/2021";"0";"0";"0";"5,762";"6,019"
"06/10/2021";"1";"0";"1";"5,763";"6,020"
"06/11/2021";"0";"0";"0";"5,763";"6,020"
"06/12/2021";"1";"0";"1";"5,764";"6,021"
"06/13/2021";"0";"0";"0";"5,764";"6,021"
"06/14/2021";"0";"0";"0";"5,764";"6,021"
"06/15/2021";"0";"0";"0";"5,764";"6,021"
"06/16/2021";"0";"0";"0";"5,764";"6,021"
"06/17/2021";"1";"0";"1";"5,765";"6,022"
"06/18/2021";"0";"0";"0";"5,765";"6,022"
"06/19/2021";"2";"1";"3";"5,767";"6,025"
"06/20/2021";"0";"0";"0";"5,767";"6,025"
"06/21/2021";"0";"0";"0";"5,767";"6,025"
"06/22/2021";"1";"0";"1";"5,768";"6,026"
"06/23/2021";"2";"0";"2";"5,770";"6,028"
"06/24/2021";"1";"0";"1";"5,771";"6,029"
"06/25/2021";"0";"1";"1";"5,771";"6,030"
"06/26/2021";"0";"0";"0";"5,771";"6,030"
"06/27/2021";"0";"1";"1";"5,771";"6,031"
"06/28/2021";"2";"1";"3";"5,773";"6,034"
"06/29/2021";"2";"0";"2";"5,775";"6,036"
"06/30/2021";"1";"1";"2";"5,776";"6,038"
"07/01/2021";"2";"0";"2";"5,778";"6,040"
"07/02/2021";"4";"0";"4";"5,782";"6,044"
"07/03/2021";"0";"0";"0";"5,782";"6,044"
"07/04/2021";"0";"0";"0";"5,782";"6,044"
"07/05/2021";"0";"0";"0";"5,782";"6,044"
"07/06/2021";"2";"0";"2";"5,784";"6,046"
"07/07/2021";"4";"0";"4";"5,788";"6,050"
"07/08/2021";"6";"1";"7";"5,794";"6,057"
"07/09/2021";"1";"0";"1";"5,795";"6,058"
"07/10/2021";"1";"0";"1";"5,796";"6,059"
"07/11/2021";"4";"0";"4";"5,800";"6,063"
"07/12/2021";"6";"0";"6";"5,806";"6,069"
"07/13/2021";"9";"2";"11";"5,815";"6,080"
"07/14/2021";"3";"1";"4";"5,818";"6,084"
"07/15/2021";"4";"0";"4";"5,822";"6,088"
"07/16/2021";"8";"1";"9";"5,830";"6,097"
"07/17/2021";"5";"0";"5";"5,835";"6,102"
"07/18/2021";"6";"0";"6";"5,841";"6,108"
"07/19/2021";"14";"1";"15";"5,855";"6,123"
"07/20/2021";"15";"2";"17";"5,870";"6,140"
"07/21/2021";"13";"0";"13";"5,883";"6,153"
"07/22/2021";"19";"1";"20";"5,902";"6,173"
"07/23/2021";"9";"1";"10";"5,911";"6,183"
"07/24/2021";"6";"0";"6";"5,917";"6,189"
"07/25/2021";"6";"0";"6";"5,923";"6,195"
"07/26/2021";"16";"0";"16";"5,939";"6,211"
"07/27/2021";"9";"1";"10";"5,948";"6,221"
"07/28/2021";"18";"0";"18";"5,966";"6,239"
"07/29/2021";"19";"1";"20";"5,985";"6,259"
"07/30/2021";"9";"2";"11";"5,994";"6,270"
"07/31/2021";"5";"0";"5";"5,999";"6,275"
"08/01/2021";"8";"0";"8";"6,007";"6,283"
"08/02/2021";"18";"0";"18";"6,025";"6,301"
"08/03/2021";"9";"0";"9";"6,034";"6,310"
"08/04/2021";"13";"0";"13";"6,047";"6,323"
"08/05/2021";"14";"1";"15";"6,061";"6,338"
"08/06/2021";"20";"0";"20";"6,081";"6,358"
"08/07/2021";"2";"0";"2";"6,083";"6,360"
"08/08/2021";"7";"1";"8";"6,090";"6,368"
"08/09/2021";"20";"0";"20";"6,110";"6,388"
"08/10/2021";"11";"1";"12";"6,121";"6,400"
"08/11/2021";"16";"0";"16";"6,137";"6,416"
"08/12/2021";"21";"1";"22";"6,158";"6,438"
"08/13/2021";"7";"2";"9";"6,165";"6,447"
"08/14/2021";"10";"1";"11";"6,175";"6,458"
"08/15/2021";"12";"0";"12";"6,187";"6,470"
"08/16/2021";"22";"1";"23";"6,209";"6,493"
"08/17/2021";"14";"2";"16";"6,223";"6,509"
"08/18/2021";"10";"0";"10";"6,233";"6,519"
"08/19/2021";"24";"0";"24";"6,257";"6,543"
"08/20/2021";"19";"1";"20";"6,276";"6,563"
"08/21/2021";"7";"0";"7";"6,283";"6,570"
"08/22/2021";"21";"0";"21";"6,304";"6,591"
"08/23/2021";"28";"0";"28";"6,332";"6,619"
"08/24/2021";"19";"1";"20";"6,351";"6,639"
"08/25/2021";"6";"0";"6";"6,357";"6,645"
"08/26/2021";"25";"2";"27";"6,382";"6,672"
"08/27/2021";"18";"2";"20";"6,400";"6,692"
"08/28/2021";"9";"2";"11";"6,409";"6,703"
"08/29/2021";"30";"4";"34";"6,439";"6,737"
"08/30/2021";"31";"0";"31";"6,470";"6,768"
"08/31/2021";"21";"1";"22";"6,491";"6,790"
"09/01/2021";"26";"2";"28";"6,517";"6,818"
"09/02/2021";"36";"0";"36";"6,553";"6,854"
"09/03/2021";"25";"1";"26";"6,578";"6,880"
"09/04/2021";"17";"2";"19";"6,595";"6,899"
"09/05/2021";"22";"1";"23";"6,617";"6,922"
"09/06/2021";"5";"0";"5";"6,622";"6,927"
"09/07/2021";"29";"0";"29";"6,651";"6,956"
"09/08/2021";"27";"0";"27";"6,678";"6,983"
"09/09/2021";"23";"0";"23";"6,701";"7,006"
"09/10/2021";"26";"0";"26";"6,727";"7,032"
"09/11/2021";"7";"1";"8";"6,734";"7,040"
"09/12/2021";"15";"2";"17";"6,749";"7,057"
"09/13/2021";"30";"1";"31";"6,779";"7,088"
"09/14/2021";"26";"0";"26";"6,805";"7,114"
"09/15/2021";"25";"3";"28";"6,830";"7,142"
"09/16/2021";"22";"1";"23";"6,852";"7,165"
"09/17/2021";"18";"0";"18";"6,870";"7,183"
"09/18/2021";"6";"0";"6";"6,876";"7,189"
"09/19/2021";"12";"1";"13";"6,888";"7,202"
"09/20/2021";"27";"1";"28";"6,915";"7,230"
"09/21/2021";"13";"1";"14";"6,928";"7,244"
"09/22/2021";"28";"0";"28";"6,956";"7,272"
"09/23/2021";"17";"3";"20";"6,973";"7,292"
"09/24/2021";"17";"0";"17";"6,990";"7,309"
"09/25/2021";"11";"0";"11";"7,001";"7,320"
"09/26/2021";"6";"0";"6";"7,007";"7,326"
"09/27/2021";"19";"0";"19";"7,026";"7,345"
"09/28/2021";"11";"3";"14";"7,037";"7,359"
"09/29/2021";"22";"0";"22";"7,059";"7,381"
"09/30/2021";"11";"0";"11";"7,070";"7,392"
"10/01/2021";"9";"2";"11";"7,079";"7,403"
"10/02/2021";"6";"1";"7";"7,085";"7,410"
"10/03/2021";"7";"0";"7";"7,092";"7,417"
"10/04/2021";"9";"0";"9";"7,101";"7,426"
"10/05/2021";"5";"1";"6";"7,106";"7,432"
"10/06/2021";"13";"1";"14";"7,119";"7,446"
"10/07/2021";"9";"0";"9";"7,128";"7,455"
"10/08/2021";"9";"0";"9";"7,137";"7,464"
"10/09/2021";"4";"0";"4";"7,141";"7,468"
"10/10/2021";"6";"0";"6";"7,147";"7,474"
"10/11/2021";"8";"0";"8";"7,155";"7,482"
"10/12/2021";"6";"0";"6";"7,161";"7,488"
"10/13/2021";"18";"1";"19";"7,179";"7,507"
"10/14/2021";"12";"0";"12";"7,191";"7,519"
"10/15/2021";"11";"0";"11";"7,202";"7,530"
"10/16/2021";"5";"0";"5";"7,207";"7,535"
"10/17/2021";"13";"1";"14";"7,220";"7,549"
"10/18/2021";"18";"1";"19";"7,238";"7,568"
"10/19/2021";"14";"0";"14";"7,252";"7,582"
"10/20/2021";"31";"2";"33";"7,283";"7,615"
"10/21/2021";"17";"1";"18";"7,300";"7,633"
"10/22/2021";"13";"1";"14";"7,313";"7,647"
"10/23/2021";"6";"0";"6";"7,319";"7,653"
"10/24/2021";"10";"0";"10";"7,329";"7,663"
"10/25/2021";"23";"1";"24";"7,352";"7,687"
"10/26/2021";"11";"0";"11";"7,363";"7,698"
"10/27/2021";"15";"1";"16";"7,378";"7,714"
"10/28/2021";"8";"3";"11";"7,386";"7,725"
"10/29/2021";"6";"0";"6";"7,392";"7,731"
"10/30/2021";"3";"0";"3";"7,395";"7,734"
"10/31/2021";"13";"0";"13";"7,408";"7,747"
"11/01/2021";"14";"0";"14";"7,422";"7,761"
"11/02/2021";"12";"0";"12";"7,434";"7,773"
"11/03/2021";"14";"1";"15";"7,448";"7,788"
"11/04/2021";"24";"2";"26";"7,472";"7,814"
"11/05/2021";"11";"0";"11";"7,483";"7,825"
"11/06/2021";"4";"0";"4";"7,487";"7,829"
"11/07/2021";"10";"0";"10";"7,497";"7,839"
"11/08/2021";"12";"0";"12";"7,509";"7,851"
"11/09/2021";"26";"0";"26";"7,535";"7,877"
"11/10/2021";"18";"0";"18";"7,553";"7,895"
"11/11/2021";"22";"0";"22";"7,575";"7,917"
"11/12/2021";"20";"0";"20";"7,595";"7,937"
"11/13/2021";"9";"2";"11";"7,604";"7,948"
"11/14/2021";"22";"0";"22";"7,626";"7,970"
"11/15/2021";"36";"2";"38";"7,662";"8,008"
"11/16/2021";"16";"4";"20";"7,678";"8,028"
"11/17/2021";"25";"0";"25";"7,703";"8,053"
"11/18/2021";"26";"2";"28";"7,729";"8,081"
"11/19/2021";"21";"0";"21";"7,750";"8,102"
"11/20/2021";"13";"0";"13";"7,763";"8,115"
"11/21/2021";"17";"0";"17";"7,780";"8,132"
"11/22/2021";"46";"0";"46";"7,826";"8,178"
"11/23/2021";"15";"1";"16";"7,841";"8,194"
"11/24/2021";"21";"0";"21";"7,862";"8,215"
"11/25/2021";"6";"0";"6";"7,868";"8,221"
"11/26/2021";"20";"1";"21";"7,888";"8,242"
"11/27/2021";"11";"0";"11";"7,899";"8,253"
"11/28/2021";"19";"0";"19";"7,918";"8,272"
"11/29/2021";"81";"4";"85";"7,999";"8,357"
"11/30/2021";"37";"10";"47";"8,036";"8,404"
"12/01/2021";"60";"4";"64";"8,096";"8,468"
"12/02/2021";"58";"2";"60";"8,154";"8,528"
"12/03/2021";"31";"5";"36";"8,185";"8,564"
"12/04/2021";"29";"1";"30";"8,214";"8,594"
"12/05/2021";"28";"3";"31";"8,242";"8,625"
"12/06/2021";"72";"2";"74";"8,314";"8,699"
"12/07/2021";"36";"2";"38";"8,350";"8,737"
"12/08/2021";"82";"4";"86";"8,432";"8,823"
"12/09/2021";"50";"0";"50";"8,482";"8,873"
"12/10/2021";"41";"5";"46";"8,523";"8,919"
"12/11/2021";"36";"2";"38";"8,559";"8,957"
"12/12/2021";"35";"1";"36";"8,594";"8,993"
"12/13/2021";"77";"3";"80";"8,671";"9,073"
"12/14/2021";"67";"4";"71";"8,738";"9,144"
"12/15/2021";"119";"6";"125";"8,857";"9,269"
"12/16/2021";"136";"4";"140";"8,993";"9,409"
"12/17/2021";"90";"4";"94";"9,083";"9,503"
"12/18/2021";"60";"0";"60";"9,143";"9,563"
"12/19/2021";"89";"0";"89";"9,232";"9,652"
"12/20/2021";"205";"6";"211";"9,437";"9,863"
"12/21/2021";"138";"15";"153";"9,575";"10,016"
"12/22/2021";"234";"14";"248";"9,809";"10,264"
"12/23/2021";"132";"5";"137";"9,941";"10,401"
"12/24/2021";"35";"3";"38";"9,976";"10,439"
"12/25/2021";"13";"1";"14";"9,989";"10,453"
"12/26/2021";"147";"4";"151";"10,136";"10,604"
"12/27/2021";"334";"10";"344";"10,470";"10,948"
"12/28/2021";"165";"3";"168";"10,635";"11,116"
"12/29/2021";"339";"9";"348";"10,974";"11,464"
"12/30/2021";"177";"4";"181";"11,151";"11,645"
"12/31/2021";"45";"6";"51";"11,196";"11,696"
"01/01/2022";"41";"4";"45";"11,237";"11,741"
"01/02/2022";"296";"4";"300";"11,533";"12,041"
"01/03/2022";"622";"11";"633";"12,155";"12,674"
"01/04/2022";"385";"34";"419";"12,540";"13,093"
"01/05/2022";"452";"43";"495";"12,992";"13,588"
"01/06/2022";"486";"29";"515";"13,478";"14,103"
"01/07/2022";"163";"3";"166";"13,641";"14,269"
"01/08/2022";"151";"3";"154";"13,792";"14,423"
"01/09/2022";"265";"9";"274";"14,057";"14,697"
"01/10/2022";"511";"44";"555";"14,568";"15,252"
"01/11/2022";"202";"31";"233";"14,770";"15,485"
"01/12/2022";"294";"37";"331";"15,064";"15,816"
"01/13/2022";"282";"13";"295";"15,346";"16,111"
"01/14/2022";"195";"23";"218";"15,541";"16,329"
"01/15/2022";"107";"3";"110";"15,648";"16,439"
"01/16/2022";"159";"1";"160";"15,807";"16,599"
"01/17/2022";"176";"10";"186";"15,983";"16,785"
"01/18/2022";"216";"13";"229";"16,199";"17,014"
"01/19/2022";"217";"23";"240";"16,416";"17,254"
"01/20/2022";"167";"21";"188";"16,583";"17,442"
"01/21/2022";"127";"9";"136";"16,710";"17,578"
"01/22/2022";"99";"7";"106";"16,809";"17,684"
"01/23/2022";"86";"1";"87";"16,895";"17,771"
"01/24/2022";"155";"13";"168";"17,050";"17,939"
"01/25/2022";"97";"11";"108";"17,147";"18,047"
"01/26/2022";"109";"12";"121";"17,256";"18,168"
"01/27/2022";"100";"6";"106";"17,356";"18,274"
"01/28/2022";"79";"7";"86";"17,435";"18,360"
"01/29/2022";"4";"0";"4";"17,439";"18,364"
"01/30/2022";"61";"0";"61";"17,500";"18,425"
"01/31/2022";"112";"4";"116";"17,612";"18,541"
"02/01/2022";"76";"14";"90";"17,688";"18,631"
"02/02/2022";"82";"6";"88";"17,770";"18,719"
"02/03/2022";"44";"0";"44";"17,814";"18,763"
"02/04/2022";"29";"1";"30";"17,843";"18,793"
"02/05/2022";"14";"0";"14";"17,857";"18,807"
"02/06/2022";"34";"0";"34";"17,891";"18,841"
"02/07/2022";"51";"3";"54";"17,942";"18,895"
"02/08/2022";"39";"5";"44";"17,981";"18,939"
"02/09/2022";"38";"2";"40";"18,019";"18,979"
"02/10/2022";"33";"0";"33";"18,052";"19,012"
"02/11/2022";"32";"2";"34";"18,084";"19,046"
"02/12/2022";"10";"0";"10";"18,094";"19,056"
"02/13/2022";"17";"1";"18";"18,111";"19,074"
"02/14/2022";"43";"0";"43";"18,154";"19,117"
"02/15/2022";"65";"0";"65";"18,219";"19,182"
"02/16/2022";"52";"4";"56";"18,271";"19,238"
"02/17/2022";"72";"3";"75";"18,343";"19,313"
"02/18/2022";"37";"0";"37";"18,380";"19,350"
"02/19/2022";"12";"0";"12";"18,392";"19,362"
"02/20/2022";"18";"0";"18";"18,410";"19,380"
"02/21/2022";"57";"0";"57";"18,467";"19,437"
"02/22/2022";"74";"1";"75";"18,541";"19,512"
"02/23/2022";"52";"0";"52";"18,593";"19,564"
"02/24/2022";"48";"0";"48";"18,641";"19,612"
"02/25/2022";"23";"0";"23";"18,664";"19,635"
"02/26/2022";"35";"1";"36";"18,699";"19,671"
"02/27/2022";"47";"1";"48";"18,746";"19,719"
"02/28/2022";"83";"4";"87";"18,829";"19,806"
"03/01/2022";"94";"3";"97";"18,923";"19,903"
"03/02/2022";"105";"6";"111";"19,028";"20,014"
"03/03/2022";"70";"0";"70";"19,098";"20,084"
"03/04/2022";"65";"0";"65";"19,163";"20,149"
"03/05/2022";"29";"0";"29";"19,192";"20,178"
"03/06/2022";"40";"1";"41";"19,232";"20,219"
"03/07/2022";"76";"4";"80";"19,308";"20,299"
"03/08/2022";"80";"6";"86";"19,388";"20,385"
"03/09/2022";"58";"0";"58";"19,446";"20,443"
"03/10/2022";"50";"3";"53";"19,496";"20,496"
"03/11/2022";"35";"0";"35";"19,531";"20,531"
"03/12/2022";"11";"1";"12";"19,542";"20,543"
"03/13/2022";"20";"0";"20";"19,562";"20,563"
"03/14/2022";"38";"0";"38";"19,600";"20,601"
"03/15/2022";"26";"5";"31";"19,626";"20,632"
"03/16/2022";"27";"5";"32";"19,653";"20,664"
"03/17/2022";"33";"1";"34";"19,686";"20,698"
"03/18/2022";"29";"5";"34";"19,715";"20,732"
"03/19/2022";"42";"5";"47";"19,757";"20,779"
"03/20/2022";"41";"1";"42";"19,798";"20,821"
"03/21/2022";"95";"1";"96";"19,893";"20,917"
"03/22/2022";"63";"1";"64";"19,956";"20,981"
"03/23/2022";"71";"2";"73";"20,027";"21,054"
"03/24/2022";"46";"3";"49";"20,073";"21,103"
"03/25/2022";"29";"3";"32";"20,102";"21,135"
"03/26/2022";"34";"4";"38";"20,136";"21,173"
"03/27/2022";"50";"3";"53";"20,186";"21,226"
"03/28/2022";"104";"4";"108";"20,290";"21,334"
"03/29/2022";"87";"9";"96";"20,377";"21,430"
"03/30/2022";"79";"4";"83";"20,456";"21,513"
"03/31/2022";"75";"4";"79";"20,531";"21,592"
"04/01/2022";"60";"7";"67";"20,591";"21,659"
"04/02/2022";"38";"1";"39";"20,629";"21,698"
"04/03/2022";"55";"6";"61";"20,684";"21,759"
"04/04/2022";"124";"7";"131";"20,808";"21,890"
"04/05/2022";"96";"19";"115";"20,904";"22,005"
"04/06/2022";"152";"19";"171";"21,056";"22,176"
"04/07/2022";"85";"9";"94";"21,141";"22,270"
"04/08/2022";"90";"3";"93";"21,231";"22,363"
"04/09/2022";"48";"1";"49";"21,279";"22,412"
"04/10/2022";"56";"0";"56";"21,335";"22,468"
"04/11/2022";"147";"1";"148";"21,482";"22,616"
"04/12/2022";"142";"8";"150";"21,624";"22,766"
"04/13/2022";"143";"11";"154";"21,767";"22,920"
"04/14/2022";"139";"3";"142";"21,906";"23,062"
"04/15/2022";"132";"1";"133";"22,038";"23,195"
"04/16/2022";"62";"1";"63";"22,100";"23,258"
"04/17/2022";"65";"0";"65";"22,165";"23,323"
"04/18/2022";"117";"2";"119";"22,282";"23,442"
"04/19/2022";"132";"0";"132";"22,414";"23,574"
"04/20/2022";"129";"3";"132";"22,543";"23,706"
"04/21/2022";"94";"5";"99";"22,637";"23,805"
"04/22/2022";"86";"0";"86";"22,723";"23,891"
"04/23/2022";"34";"0";"34";"22,757";"23,925"
"04/24/2022";"50";"2";"52";"22,807";"23,977"
"04/25/2022";"180";"2";"182";"22,987";"24,159"
"04/26/2022";"159";"5";"164";"23,146";"24,323"
"04/27/2022";"180";"8";"188";"23,326";"24,511"
"04/28/2022";"136";"6";"142";"23,462";"24,653"
"04/29/2022";"131";"5";"136";"23,593";"24,789"
"04/30/2022";"68";"1";"69";"23,661";"24,858"
"05/01/2022";"61";"2";"63";"23,722";"24,921"
"05/02/2022";"163";"2";"165";"23,885";"25,086"
"05/03/2022";"194";"6";"200";"24,079";"25,286"
"05/04/2022";"239";"16";"255";"24,318";"25,541"
"05/05/2022";"156";"17";"173";"24,474";"25,714"
"05/06/2022";"153";"5";"158";"24,627";"25,872"
"05/07/2022";"92";"2";"94";"24,719";"25,966"
"05/08/2022";"93";"1";"94";"24,812";"26,060"
"05/09/2022";"166";"10";"176";"24,978";"26,236"
"05/10/2022";"168";"11";"179";"25,146";"26,415"
"05/11/2022";"184";"35";"219";"25,330";"26,634"
"05/12/2022";"138";"7";"145";"25,468";"26,779"
"05/13/2022";"108";"12";"120";"25,576";"26,899"
"05/14/2022";"87";"6";"93";"25,663";"26,992"
"05/15/2022";"45";"0";"45";"25,708";"27,037"
"05/16/2022";"161";"7";"168";"25,869";"27,205"
"05/17/2022";"113";"22";"135";"25,982";"27,340"
"05/18/2022";"165";"17";"182";"26,147";"27,522"
"05/19/2022";"100";"4";"104";"26,247";"27,626"
"05/20/2022";"99";"8";"107";"26,346";"27,733"
"05/21/2022";"40";"2";"42";"26,386";"27,775"
"05/22/2022";"51";"1";"52";"26,437";"27,827"
"05/23/2022";"119";"5";"124";"26,556";"27,951"
"05/24/2022";"86";"11";"97";"26,642";"28,048"
"05/25/2022";"141";"19";"160";"26,783";"28,208"
"05/26/2022";"66";"7";"73";"26,849";"28,281"
"05/27/2022";"81";"2";"83";"26,930";"28,364"
"05/28/2022";"40";"2";"42";"26,970";"28,406"
"05/29/2022";"21";"6";"27";"26,991";"28,433"
"05/30/2022";"23";"0";"23";"27,014";"28,456"
"05/31/2022";"142";"5";"147";"27,156";"28,603"
"06/01/2022";"137";"7";"144";"27,293";"28,747"
"06/02/2022";"104";"15";"119";"27,397";"28,866"
"06/03/2022";"67";"3";"70";"27,464";"28,936"
"06/04/2022";"69";"3";"72";"27,533";"29,008"
"06/05/2022";"57";"2";"59";"27,590";"29,067"
"06/06/2022";"108";"8";"116";"27,698";"29,183"
"06/07/2022";"84";"2";"86";"27,782";"29,269"
"06/08/2022";"79";"8";"87";"27,861";"29,356"
"06/09/2022";"61";"5";"66";"27,922";"29,422"
"06/10/2022";"29";"4";"33";"27,951";"29,455"
"06/11/2022";"26";"1";"27";"27,977";"29,482"
"06/12/2022";"24";"0";"24";"28,001";"29,506"
"06/13/2022";"61";"2";"63";"28,062";"29,569"
"06/14/2022";"49";"7";"56";"28,111";"29,625"
"06/15/2022";"56";"18";"74";"28,167";"29,699"
"06/16/2022";"37";"2";"39";"28,204";"29,738"
"06/17/2022";"23";"0";"23";"28,227";"29,761"
"06/18/2022";"35";"0";"35";"28,262";"29,796"
"06/19/2022";"26";"1";"27";"28,288";"29,823"
"06/20/2022";"36";"2";"38";"28,324";"29,861"
"06/21/2022";"63";"6";"69";"28,387";"29,930"
"06/22/2022";"59";"11";"70";"28,446";"30,000"
"06/23/2022";"42";"3";"45";"28,488";"30,045"
"06/24/2022";"32";"4";"36";"28,520";"30,081"
"06/25/2022";"39";"0";"39";"28,559";"30,120"
"06/26/2022";"30";"0";"30";"28,589";"30,150"
"06/27/2022";"46";"4";"50";"28,635";"30,200"
"06/28/2022";"68";"0";"68";"28,703";"30,268"
"06/29/2022";"65";"7";"72";"28,768";"30,340"
"06/30/2022";"43";"3";"46";"28,811";"30,386"
"07/01/2022";"27";"3";"30";"28,838";"30,416"
"07/02/2022";"15";"1";"16";"28,853";"30,432"
"07/03/2022";"10";"1";"11";"28,863";"30,443"
"07/04/2022";"7";"0";"7";"28,870";"30,450"
"07/05/2022";"69";"4";"73";"28,939";"30,523"
"07/06/2022";"59";"2";"61";"28,998";"30,584"
"07/07/2022";"46";"1";"47";"29,044";"30,631"
"07/08/2022";"46";"8";"54";"29,090";"30,685"
"07/09/2022";"24";"1";"25";"29,114";"30,710"
"07/10/2022";"19";"3";"22";"29,133";"30,732"
"07/11/2022";"44";"6";"50";"29,177";"30,782"
"07/12/2022";"51";"6";"57";"29,228";"30,839"
"07/13/2022";"48";"5";"53";"29,276";"30,892"
"07/14/2022";"34";"3";"37";"29,310";"30,929"
"07/15/2022";"37";"0";"37";"29,347";"30,966"
"07/16/2022";"14";"1";"15";"29,361";"30,981"
"07/17/2022";"38";"1";"39";"29,399";"31,020"
"07/18/2022";"42";"1";"43";"29,441";"31,063"
"07/19/2022";"45";"9";"54";"29,486";"31,117"
"07/20/2022";"46";"2";"48";"29,532";"31,165"
"07/21/2022";"31";"2";"33";"29,563";"31,198"
"07/22/2022";"29";"3";"32";"29,592";"31,230"
"07/23/2022";"25";"3";"28";"29,617";"31,258"
"07/24/2022";"22";"2";"24";"29,639";"31,282"
"07/25/2022";"32";"3";"35";"29,671";"31,317"
"07/26/2022";"33";"1";"34";"29,704";"31,351"
"07/27/2022";"26";"1";"27";"29,730";"31,378"
"07/28/2022";"28";"2";"30";"29,758";"31,408"
"07/29/2022";"30";"1";"31";"29,788";"31,439"
"07/30/2022";"16";"3";"19";"29,804";"31,458"
"07/31/2022";"16";"0";"16";"29,820";"31,474"
"08/01/2022";"38";"2";"40";"29,858";"31,514"
"08/02/2022";"32";"5";"37";"29,890";"31,551"
"08/03/2022";"23";"0";"23";"29,913";"31,574"
"08/04/2022";"19";"2";"21";"29,932";"31,595"
"08/05/2022";"18";"0";"18";"29,950";"31,613"
"08/06/2022";"17";"0";"17";"29,967";"31,630"
"08/07/2022";"19";"0";"19";"29,986";"31,649"
"08/08/2022";"27";"2";"29";"30,013";"31,678"
"08/09/2022";"24";"2";"26";"30,037";"31,704"
"08/10/2022";"36";"2";"38";"30,073";"31,742"
"08/11/2022";"22";"2";"24";"30,095";"31,766"
"08/12/2022";"26";"1";"27";"30,121";"31,793"
"08/13/2022";"16";"1";"17";"30,137";"31,810"
"08/14/2022";"19";"0";"19";"30,156";"31,829"
"08/15/2022";"28";"3";"31";"30,184";"31,860"
"08/16/2022";"26";"4";"30";"30,210";"31,890"
"08/17/2022";"30";"3";"33";"30,240";"31,923"
"08/18/2022";"19";"4";"23";"30,259";"31,946"
"08/19/2022";"21";"3";"24";"30,280";"31,970"
"08/20/2022";"17";"1";"18";"30,297";"31,988"
"08/21/2022";"6";"0";"6";"30,303";"31,994"
"08/22/2022";"24";"4";"28";"30,327";"32,022"
"08/23/2022";"34";"4";"38";"30,361";"32,060"
"08/24/2022";"14";"6";"20";"30,375";"32,080"
"08/25/2022";"21";"4";"25";"30,396";"32,105"
"08/26/2022";"15";"2";"17";"30,411";"32,122"
"08/27/2022";"24";"1";"25";"30,435";"32,147"
"08/28/2022";"17";"1";"18";"30,452";"32,165"
"08/29/2022";"30";"6";"36";"30,482";"32,201"
"08/30/2022";"31";"3";"34";"30,513";"32,235"
"08/31/2022";"30";"2";"32";"30,543";"32,267"
"09/01/2022";"18";"1";"19";"30,561";"32,286"
"09/02/2022";"25";"1";"26";"30,586";"32,312"
"09/03/2022";"21";"4";"25";"30,607";"32,337"
"09/04/2022";"16";"0";"16";"30,623";"32,353"
"09/05/2022";"15";"1";"16";"30,638";"32,369"
"09/06/2022";"27";"3";"30";"30,665";"32,399"
"09/07/2022";"36";"3";"39";"30,701";"32,438"
"09/08/2022";"29";"5";"34";"30,730";"32,472"
"09/09/2022";"22";"2";"24";"30,752";"32,496"
"09/10/2022";"16";"1";"17";"30,768";"32,513"
"09/11/2022";"19";"4";"23";"30,787";"32,536"
"09/12/2022";"31";"2";"33";"30,818";"32,569"
"09/13/2022";"22";"13";"35";"30,840";"32,604"
"09/14/2022";"20";"1";"21";"30,860";"32,625"
"09/15/2022";"25";"2";"27";"30,885";"32,652"
"09/16/2022";"19";"2";"21";"30,904";"32,673"
"09/17/2022";"16";"1";"17";"30,920";"32,690"
"09/18/2022";"21";"2";"23";"30,941";"32,713"
"09/19/2022";"31";"9";"40";"30,972";"32,753"
"09/20/2022";"26";"8";"34";"30,998";"32,787"
"09/21/2022";"20";"7";"27";"31,018";"32,814"
"09/22/2022";"14";"8";"22";"31,032";"32,836"
"09/23/2022";"13";"9";"22";"31,045";"32,858"
"09/24/2022";"11";"3";"14";"31,056";"32,872"
"09/25/2022";"17";"8";"25";"31,073";"32,897"
"09/26/2022";"42";"6";"48";"31,115";"32,945"
"09/27/2022";"25";"0";"25";"31,140";"32,970"
"09/28/2022";"29";"4";"33";"31,169";"33,003"
"09/29/2022";"22";"1";"23";"31,191";"33,026"
"09/30/2022";"20";"4";"24";"31,211";"33,050"
"10/01/2022";"7";"0";"7";"31,218";"33,057"
"10/02/2022";"10";"1";"11";"31,228";"33,068"
"10/03/2022";"21";"6";"27";"31,249";"33,095"
"10/04/2022";"21";"2";"23";"31,270";"33,118"
"10/05/2022";"24";"2";"26";"31,294";"33,144"
"10/06/2022";"25";"4";"29";"31,319";"33,173"
"10/07/2022";"17";"3";"20";"31,336";"33,193"
"10/08/2022";"15";"11";"26";"31,351";"33,219"
"10/09/2022";"12";"3";"15";"31,363";"33,234"
"10/10/2022";"19";"8";"27";"31,382";"33,261"
"10/11/2022";"20";"8";"28";"31,402";"33,289"
"10/12/2022";"19";"1";"20";"31,421";"33,309"
"10/13/2022";"20";"6";"26";"31,441";"33,335"
"10/14/2022";"21";"7";"28";"31,462";"33,363"
"10/15/2022";"8";"0";"8";"31,470";"33,371"
"10/16/2022";"11";"0";"11";"31,481";"33,382"
"10/17/2022";"23";"6";"29";"31,504";"33,411"
"10/18/2022";"19";"1";"20";"31,523";"33,431"
"10/19/2022";"26";"3";"29";"31,549";"33,460"
"10/20/2022";"11";"4";"15";"31,560";"33,475"
"10/21/2022";"21";"1";"22";"31,581";"33,497"
"10/22/2022";"13";"1";"14";"31,594";"33,511"
"10/23/2022";"15";"0";"15";"31,609";"33,526"
"10/24/2022";"19";"3";"22";"31,628";"33,548"
"10/25/2022";"11";"2";"13";"31,639";"33,561"
"10/26/2022";"18";"1";"19";"31,657";"33,580"
"10/27/2022";"14";"1";"15";"31,671";"33,595"
"10/28/2022";"5";"2";"7";"31,676";"33,602"
"10/29/2022";"5";"1";"6";"31,681";"33,608"
"10/30/2022";"7";"0";"7";"31,688";"33,615"
"10/31/2022";"20";"2";"22";"31,708";"33,637"
"11/01/2022";"15";"1";"16";"31,723";"33,653"
"11/02/2022";"19";"3";"22";"31,742";"33,675"
"11/03/2022";"15";"3";"18";"31,757";"33,693"
"11/04/2022";"7";"2";"9";"31,764";"33,702"
"11/05/2022";"11";"0";"11";"31,775";"33,713"
"11/06/2022";"9";"0";"9";"31,784";"33,722"
"11/07/2022";"18";"2";"20";"31,802";"33,742"
"11/08/2022";"9";"1";"10";"31,811";"33,752"
"11/09/2022";"7";"1";"8";"31,818";"33,760"
"11/10/2022";"5";"1";"6";"31,823";"33,766"
"11/11/2022";"9";"1";"10";"31,832";"33,776"
"11/12/2022";"4";"0";"4";"31,836";"33,780"
"11/13/2022";"7";"0";"7";"31,843";"33,787"
"11/14/2022";"10";"1";"11";"31,853";"33,798"
"11/15/2022";"17";"0";"17";"31,870";"33,815"
"11/16/2022";"11";"1";"12";"31,881";"33,827"
"11/17/2022";"6";"0";"6";"31,887";"33,833"
"11/18/2022";"9";"2";"11";"31,896";"33,844"
"11/19/2022";"8";"0";"8";"31,904";"33,852"
"11/20/2022";"6";"0";"6";"31,910";"33,858"
"11/21/2022";"15";"1";"16";"31,925";"33,874"
"11/22/2022";"16";"1";"17";"31,941";"33,891"
"11/23/2022";"11";"1";"12";"31,952";"33,903"
"11/24/2022";"0";"0";"0";"31,952";"33,903"
